Title,Description,Tags
पूर्ण बहादुरको सारङ्गी,बाबु-छोराको भावनात्मक सम्बन्ध र समाजको कठोरतालाई प्रस्तुत गरिएको एक मार्मिक सामाजिक कथा।,"सामाजिक, नाटक, परिवार, संघर्ष, सारङ्गी"
कबड्डी,मुस्ताङको काजी र मैयाँको प्रेम कथा तथा गाउँले राजनीतिमा आधारित लोकप्रिय हास्यप्रधान चलचित्र।,"हास्य, सामाजिक, प्रेम कथा, संस्कृति, मुस्ताङ"
लुट,काठमाडौँमा बैंक डकैतीको योजना बुन्ने पाँच युवाको कथा र अपराधको दुनियाँलाई दर्शाइएको चलचित्र।,"अपराध, थ्रिलर, एक्सन, काठमाडौँ, डकैती"
पशुपति प्रसाद,ऋण तिर्न काठमाडौँ आएको सोझो युवकको संघर्ष र पशुपति क्षेत्रका पात्रहरूसँगको जीवन यात्रा।,"सामाजिक, नाटक, संघर्ष, पशुपति, जीवन"
दर्पण छायाँ,दुई साथीहरूको प्रगाढ मित्रता र एउटी युवतीप्रतिको त्रिकोणात्मक प्रेम कथा।,"प्रेम कथा, मित्रता, संगीतमय, विछोड, क्लासिक"
झोला,नेपालको पुरानो सती प्रथा र महिलामाथि हुने सामाजिक अत्याचारको कथा।,"ऐतिहासिक, सामाजिक, सती प्रथा, महिला अधिकार, नाटक"
जात्रा,अचानक करोडौँ रुपैयाँ भेट्टाएपछि तीन सामान्य नागरिकको जीवनमा आउने हास्यस्पद मोडहरू।,"हास्य, अपराध, drama, काठमाडौँ, पैसा"
छक्का पञ्जा,"वैदेशिक रोजगारीको प्रभाव, साथीभाइको सम्बन्ध र सामाजिक विकृतिमा आधारित हास्यप्रधान फिल्म।","हास्य, सामाजिक, वैदेशिक रोजगारी, परिवार, सम्बन्ध"
कालो पोथी,मुगुको गृहयुद्धको समयमा हराएको पोथी खोज्न निस्किएका दुई साना साथीहरूको कथा।,"गृहयुद्ध, बाल्यकाल, मित्रता, सामाजिक, मुगु"
कागबेनी,"द मन्किज पः कथामा आधारित, इच्छा र त्यसको डरलाग्दो परिणामको कथा।","सस्पेन्स, हरर, थ्रिलर, मुस्ताङ, ड्रामा"
नुमाफुङ,लिम्बू समुदायको सांस्कृतिक पृष्ठभूमिमा आधारित महिलाको स्वतन्त्रता र विवाह प्रथाको कथा।,"संस्कृति, लिम्बू, महिला, सामाजिक, परम्परा"
कुसुमे रुमाल,नेपाली चलचित्र इतिहासको अत्यन्तै सफल र लोकप्रिय त्रिकोणात्मक प्रेम कथा।,"क्लासिक, रोमान्स, संगीतमय, पारिवारिक, ड्रामा"
१२ गाउँ,गाउँमा हुने अन्याय र अत्याचारविरुद्धको सशक्त एक्सन र बदलाको कथा।,"एक्सन, बदला, सामाजिक, ड्रामा, गाउँ"
जारी,लिम्बू समाजमा रहेको जारी प्रथा र श्रीमान्-श्रीमतीबीचको सम्बन्ध र द्वन्द्व।,"संस्कृति, लिम्बू, जारी प्रथा, प्रेम, सामाजिक"
महाजात्रा,अवैध सुन र पैसाको वरपर घुम्ने तीन मित्रहरूको नयाँ र रोचक हास्यपूर्ण यात्रा।,"हास्य, थ्रिलर, अपराध, पैसा, मित्रता"
बोक्सीको घर,अन्धविश्वास र महिलामाथि बोक्सीको नाममा हुने हिंसामा आधारित सामाजिक फिल्म।,"अन्धविश्वास, सामाजिक, महिला हिंसा, ड्रामा, थ्रिलर"
कोहिनूर,मानव तस्करी र डान्स बारको दुनियाँमा फसेका नेपाली युवाहरूको करुण कथा।,"एक्सन, ड्रामा, मानव तस्करी, प्रेम, नृत्य"
बलिदान,नेपालको पञ्चायत कालमा प्रजातन्त्रको लागि युवाहरूले गरेको संघर्ष र बलिदान।,"देशभक्ति, क्रान्ति, ऐतिहासिक, राजनीति, सङ्घर्ष"
सानो संसार,इन्टरनेट र आधुनिक युगका युवाहरूको जीवन शैली र प्रेम सम्बन्ध।,"रोमान्स, युवा, आधुनिक, हास्य, काठमाडौँ"
हामी तीन भाइ,"तीन दाजुभाइबीचको स्नेह, पारिवारिक जिम्मेवारी र भाइचाराको कथा।","पारिवारिक, ड्रामा, मित्रता, प्रेम, हास्य"
छक्का पञ्जा २,युवाहरूको विदेश जाने सपना र विवाहका नाममा हुने बेथितिको कथा।,"हास्य, वैदेशिक रोजगारी, विवाह, सामाजिक"
छक्का पञ्जा ३,नेपालको सार्वजनिक शिक्षा प्रणालीमा रहेको बेथिति र सुधारको प्रयास।,"हास्य, शिक्षा, सामाजिक, राजनीति, सुधार"
छक्का पञ्जा ४,"स्थानीय राजनीति, शक्ति संघर्ष र हास्यपूर्ण परिस्थिति।","हास्य, राजनीति, सामाजिक, चुनाव, व्यङ्ग्य"
छक्का पञ्जा ५,पारिवारिक सम्बन्ध र समाजका नयाँ आयाममा आधारित कथा।,"हास्य, परिवार, सामाजिक, सम्बन्ध, व्यङ्ग्य"
कबड्डी कबड्डी,काजी र बमकाजीबीच मैयाँको माया पाउनका लागि हुने रोचक प्रतिस्पर्धा।,"हास्य, रोमान्स, मुस्ताङ, प्रतिस्पर्धा, संस्कृति"
कबड्डी ३,काजीको विवाहको खोजी र सोलुखुम्बुको पृष्ठभूमिमा कोरिएको कथा।,"हास्य, रोमान्स, संस्कृति, यात्रा, गाउँ"
कबड्डी ४: द फाइनल म्याच,काजीको जीवनको अन्तिम विवाह प्रयास र वैराग्यको यात्रा।,"हास्य, रोमान्स, मुस्ताङ, संस्कृति, अन्तिम भाग"
छड्के,चितवन राष्ट्रिय निकुञ्ज वरपर ग्याङस्टार र शिकारको कथा।,"क्राइम, एक्सन, थ्रिलर, ग्याङ, चितवन"
रेशम फिलिली,ऋणको बोझमा परेका दुई साथीको काठमाडौँमा उम्किने हास्यपूर्ण प्रयास।,"हास्य, ड्रामा, पैसा, मित्रता, काठमाडौँ"
शत्रु गते,दुई परिवारबीचको शत्रुता र विवाह रोक्न हुने हास्यपूर्ण घटना।,"हास्य, पारिवारिक, विवाह, सामाजिक, हास्य व्यङ्ग्य"
छ माया छप्पकै,खानेपानीको समस्या र फरक राजनीतिक विचारधारा भएका युवा-युवतीको प्रेम।,"हास्य, राजनीति, गाउँ, प्रेम, पानी"
सैयद,"काठमाडौँका युवाहरूको गलत संगत, कुलत र त्यसको नकारात्मक परिणाम।","युवा, कुलत, मित्रता, अपराध, काठमाडौँ"
प्रसाद,"निःसन्तान दम्पतीको दुःख, समाजको दृष्टिकोण र विश्वासको परीक्षा।","सामाजिक, ड्रामा, परिवार, सन्तान, गाउँ"
प्रसाद २,जात व्यवस्था र समाजको असमानताविरुद्धको कथा।,"सामाजिक, जातपात, ड्रामा, गाउँ, राजनीति"
साङ्लो,सत्य र न्यायका लागि लड्ने एक प्रहरी अधिकृतको एक्सन कथा।,"एक्सन, क्राइम, थ्रिलर, प्रेम, प्रहरी"
नाईं नभन्नु ल,बाल्यकालको निर्दोष प्रेम र जीवनको वियोगान्त कथा।,"रोमान्स, ड्रामा, संगीत, वियोग, बाल्यकाल"
नाईं नभन्नु ल २,दुई पुस्ताको प्रेम र समर्पणको मार्मिक प्रस्तुति।,"रोमान्स, संगीत, परिवार, वियोग, ड्रामा"
नाईं नभन्नु ल ३,आमा र छोरीको सम्बन्ध तथा प्रेमको कथा।,"पारिवारिक, रोमान्स, संगीत, ड्रामा"
नाईं नभन्नु ल ४,"युवा पुस्ताको प्रेम, सांगीतिक यात्रा र रोमान्स।","रोमान्स, युवा, संगीत, ड्रामा"
नाईं नभन्नु ल ५,विद्यालय जीवनको प्रेम र पारिवारिक आत्मीयता।,"रोमान्स, बाल्यकाल, पारिवारिक, संगीत"
आमा (१९६४),"नेपाल सरकारद्वारा निर्मित पहिलो नेपाली कथानक चलचित्र, आमा र देशप्रेमको कथा।","इतिहास, देशभक्ति, क्लासिक, आमा, सामाजिक"
माईतीघर,नेपाली चलचित्रको प्रारम्भिक कालको अत्यन्त चर्चित संगीतमय फिल्म।,"क्लासिक, रोमान्स, संगीत, पारिवारिक, इतिहास"
सिन्दूर,"नेपाली समाजको वैवाहिक मूल्य, मान्यता र पारिवारिक कथा।","क्लासिक, पारिवारिक, ड्रामा, सामाजिक, विवाह"
कुमारी,काठमाडौँ उपत्यकाको नेवारी संस्कृति र कुमारी परम्परामा आधारित।,"संस्कृति, नेवार, काठमाडौँ, इतिहास, क्लासिक"
वासुदेव,भ्रष्टाचार र सामाजिक असमानता विरुद्ध एक शिक्षकको लडाइँ।,"सामाजिक, राजनीति, भ्रष्टाचार, क्लासिक, चेतना"
सन्तान,"मातापिता र सन्तानबीचको सम्बन्ध, कर्तव्य र त्यागको कथा।","पारिवारिक, भावुक, क्लासिक, संस्कार, सन्तान"
तिलहरी,नेपाली परम्परागत जीवनशैली र पारिवारिक दायित्वको कथा।,"क्लासिक, सामाजिक, पारिवारिक, संस्कृति"
चिनो,"दुई भाइहरूको बिछोड, बदला र पारिवारिक एकताको लोकप्रिय फिल्म।","एक्सन, बदला, भाइचारा, संगीत, क्लासिक"
देउकी,मन्दिरमा देउकी चढाउने कुप्रथामा आधारित सामाजिक कथा।,"कुप्रथा, सामाजिक, इतिहास, महिला, चेतना"
कन्‍यादान,"नेपाली वैवाहिक संस्कृति, आमाको माया र समर्पणको कथा।","पारिवारिक, संगीत, विवाह, संस्कृति, क्लासिक"
साइनो,"पहाडी गाउँको जनजीवन, माया र पारिवारिक सम्बन्धको कथा।","क्लासिक, रोमान्स, संगीत, गाउँ, पारिवारिक"
त्रिशूल,सत्य र असत्यबीचको लडाइँ र पारिवारिक बदलाको कथा।,"एक्सन, ड्रामा, पारिवारिक, बदला, क्लासिक"
करोडपति,एक साधारण मानिसको धनी बन्ने सपना र त्यसको यात्रा।,"हास्य, रोमान्स, एक्सन, मनोरञ्जन, क्लासिक"
अलग्गै,सम्बन्धको जटिलता र जीवनका फरक मोडहरूको कथा।,"ड्रामा, रोमान्स, सामाजिक, पारिवारिक"
आफन्त,"पारिवारिक प्रेम, विछोड र पुनर्मिलनको मार्मिक कथा।","पारिवारिक, भावुक, सम्बन्ध, ड्रामा"
आमाको काख,आमाको निःस्वार्थ माया र सन्तानको दायित्व।,"पारिवारिक, आमा, भावुक, सामाजिक"
देउता,"मित्रता, त्याग र प्रेमको त्रिकोणात्मक कथा।","क्लासिक, एक्सन, मित्रता, प्रेम, ड्रामा"
अग्निपरीक्षा,सत्य र धर्मको मार्गमा आउने चुनौतीहरूको सामना।,"ड्रामा, सामाजिक, पारिवारिक, न्याय"
बासुदेव,नेपालको बौद्धिक समाज र नैतिक पतनको कथा।,"सामाजिक, विचार, क्लासिक, राजनीति"
सुहाग,विवाह र पारिवारिक जिम्मेवारीको सामाजिक कथा।,"पारिवारिक, रोमान्स, ड्रामा, विवाह"
बडाकाजी,पुराना शासक र गाउँले वर्गबीचको शक्ति द्वन्द्व।,"ऐतिहासिक, सामाजिक, शक्ति, गाउँ"
सपना,सपना र वास्तविकताबीचको संघर्षको यात्रा।,"ड्रामा, रोमान्स, संघर्ष, युवा"
अल्लारे,गाउँले अल्लारे युवाको काठमाडौँको यात्रा र हास्यपूर्ण जीवन।,"हास्य, युवा, काठमाडौँ, मनोरञ्जन"
साथी,दुई साथीबीचको अगाध मित्रता र बलिदानको कथा।,"मित्रता, भावुक, एक्सन, क्लासिक"
अजम्बरी नाता,युगौँसम्म रहने अजर अमर प्रेम र सम्बन्धको कथा।,"रोमान्स, पारिवारिक, संगीत, भावुक"
बन्धन,पारिवारिक बन्धन र मायाको कथा।,"पारिवारिक, रोमान्स, संगीत, ड्रामा"
सुख दुख,जीवनका उकाली ओराली र परिवारको साथ।,"पारिवारिक, भावुक, सामाजिक, जीवन"
हामी छुट्छौँ होला,प्रेम र बिछोडको संवेदनशील सांगीतिक कथा।,"रोमान्स, वियोग, संगीत, युवा"
बसन्ती,१९औँ शताब्दीको राणाकालीन नेपाल र बसन्तीको प्रेम कथा।,"ऐतिहासिक, राणाकाल, रोमान्स, साहित्य, क्लासिक"
मुनामदन,महाकवि लक्ष्मीप्रसाद देवकोटाको कृतिमा आधारित मदन र मुनाको अमर प्रेम।,"साहित्य, अमर प्रेम, वियोग, इतिहास, क्लासिक"
सिमाना,सीमा क्षेत्रका बासिन्दाको देशप्रेम र संघर्ष।,"देशभक्ति, सीमा, सामाजिक, एक्सन"
अवतार,अन्यायका विरुद्ध नयाँ अवतारमा उठ्ने नायकको कथा।,"एक्सन, सामाजिक, न्याय, थ्रिलर"
पिंजडा,अपराधको दुनियाँबाट उम्किन खोज्ने युवाको एक्सन कथा।,"एक्सन, अपराध, प्रेम, युवा"
मुग्लान,रोजगारीका लागि भारत (मुग्लान) भासिएका नेपालीहरूको दुःखी कथा।,"वैदेशिक रोजगारी, मुग्लान, भावुक, सामाजिक, संघर्ष"
मेरो एउटा साथी छ,"बचपनका दुई साथीको माया, रोग र त्यागको कथा।","रोमान्स, मित्रता, भावुक, आधुनिक, युवा"
पहिलो पहिलो माया,पहिलो प्रेमको अनुभव र त्यसका मिठा अनुभूतिहरू।,"रोमान्स, युवा, संगीत, काठमाडौँ"
लभ स्टेशन,यात्राका क्रममा भेटिएका दुई प्रेमीहरूको सांगीतिक कथा।,"रोमान्स, संगीत, यात्रा, ड्रामा"
भैरव,भ्रष्टाचार र अपराधविरुद्ध एक कडा प्रहरी अधिकृतको कारबाही।,"एक्सन, क्राइम, प्रहरी, देशप्रेम, थ्रिलर"
म यस्तो गीत गाउँछु,सङ्गीत र प्रेमको सुन्दर संगम।,"रोमान्स, संगीत, भावुक, युवा"
म यस्तो गीत गाउँछु २,"सङ्गीतकारको जीवन, सफलता र प्रेमको द्वन्द्व।","रोमान्स, संगीत, ड्रामा, कला"
ड्रिम्स,पोखरा र मुस्ताङको सुन्दर दृश्यमा कोरिएको युवा प्रेम कथा।,"रोमान्स, यात्रा, दृश्य, युवा, पोखरा"
ए मेरो हजुर,प्रेम र समर्पणको सांगीतिक यात्रा।,"रोमान्स, संगीत, भावुक, क्लासिक"
ए मेरो हजुर २,नयाँ पुस्ताको सांगीतिक प्रेम कथा।,"रोमान्स, संगीत, युवा, पोखरा"
ए मेरो हजुर ३,फ्यान र सेलिब्रेटीबीचको प्रेम सम्बन्ध।,"रोमान्स, संगीत, सेलिब्रेटी, युवा"
ए मेरो हजुर ४,आधुनिक प्रेम र सम्बन्धको उकाली ओराली।,"रोमान्स, युवा, आधुनिक, ड्रामा"
क्याप्टेन,नेपाली फुटबल र एक युवाको राष्ट्रिय खेलाडी बन्ने सपना।,"खेलकुद, फुटबल, राष्ट्रियता, प्रेरणा, एक्सन"
यात्रा,यात्राका क्रममा हुने भेटघाट र जीवनका अनुभूतिहरू।,"यात्रा, रोमान्स, मित्रता, भ्लग"
इन्टु मिन्टु लण्डनमा,लण्डनमा बस्ने नेपाली युवाहरूको प्रेम र पारिवारिक मूल्य।,"रोमान्स, विदेश, लण्डन, आधुनिक, युवा"
बुलबुल,काठमाडौँमा टेम्पो चलाउने महिलाको संघर्ष र सपना।,"सामाजिक, महिला, टेम्पो, संघर्ष, काठमाडौँ"
हरि,एउटा सोझो र धार्मिक मानिसको जीवनमा आउने अनौठो परिवर्तन।,"हास्य, सस्पेन्स, ड्रामा, जीवन"
घामपानी,तामाङ र बाहुन समुदायका युवा-युवतीको अन्तरजातीय प्रेम।,"अन्तरजातीय, प्रेम, सामाजिक, तामाङ, गाउँ"
डमरुको डन्डीबियो,नेपालको लोप हुन लागेको खेल डन्डीबियो पुनरुत्थानको कथा।,"खेलकुद, डन्डीबियो, संस्कृति, प्रेरणा"
पण्डित बिजुलीको बास,काठमाडौँमा कोठा खोज्ने क्रममा हुने हास्यस्पद घटना।,"हास्य, काठमाडौँ, सामाजिक, संघर्ष"
लप्पन छप्पन,युरोपमा आपराधिक गतिविधि र डकैतीको सस्पेन्स कथा।,"क्राइम, एक्सन, थ्रिलर, युरोप"
सेन्टी भाइरस,राजनीतिक चुनाव र स्थानीय तहको हास्यपूर्ण खिचातानी।,"हास्य, राजनीति, चुनाव, गाउँ"
परदेशी २,वैदेशिक रोजगारीका लागि खाडी मुलुक जाने युवाको वेदना।,"वैदेशिक रोजगारी, खाडी, भावुक, सामाजिक, परिवार"
उन्को स्विटर,पूर्वी नेपालको गाउँमा स्विटर बुन्ने कथा र प्रेम।,"रोमान्स, पूर्वी नेपाल, गाउँ, संस्कृति, ड्रामा"
परान,पारिवारिक सम्बन्ध र गाउँले जीवनको भावनात्मक आयाम।,"पारिवारिक, सामाजिक, गाउँ, भावुक, ड्रामा"
गौथली,नेपाली लोक जीवन र गौथलीसँग जोडिएको कथा।,"लोक संस्कृति, सामाजिक, गाउँ, ड्रामा"
आ बाट आमा,आमाको ममता र मातृभूमिको महत्त्व दर्साउने कथा।,"आमा, देशप्रेम, पारिवारिक, भावुक, सामाजिक"
